-- phpMyAdmin SQL Dump
-- version 4.8.5
-- https://www.phpmyadmin.net/
--
-- Host: 127.0.0.1
-- Generation Time: Nov 26, 2021 at 04:43 PM
-- Server version: 10.1.38-MariaDB
-- PHP Version: 7.3.3

SET SQL_MODE = "NO_AUTO_VALUE_ON_ZERO";
SET AUTOCOMMIT = 0;
START TRANSACTION;
SET time_zone = "+00:00";


/*!40101 SET @OLD_CHARACTER_SET_CLIENT=@@CHARACTER_SET_CLIENT */;
/*!40101 SET @OLD_CHARACTER_SET_RESULTS=@@CHARACTER_SET_RESULTS */;
/*!40101 SET @OLD_COLLATION_CONNECTION=@@COLLATION_CONNECTION */;
/*!40101 SET NAMES utf8mb4 */;

--
-- Database: `hotel`
--

-- --------------------------------------------------------

--
-- Table structure for table `apartemen`
--

CREATE TABLE `apartemen` (
  `id_apartemen` int(11) NOT NULL,
  `nama_apartemen` varchar(200) NOT NULL,
  `id_kota` int(11) NOT NULL,
  `harga` double NOT NULL,
  `harga_minggu` double NOT NULL,
  `harga_bulan` double NOT NULL,
  `foto` tinytext NOT NULL
) ENGINE=InnoDB DEFAULT CHARSET=latin1;

--
-- Dumping data for table `apartemen`
--

INSERT INTO `apartemen` (`id_apartemen`, `nama_apartemen`, `id_kota`, `harga`, `harga_minggu`, `harga_bulan`, `foto`) VALUES
(1, 'Apartemen Jatinangor', 1, 300000, 3000000, 30000000, '05bf8ffc651166bcccb3e4953f8319ef.jpg'),
(3, 'Melati Indah Hotel', 1, 200000, 60000000, 10000000000000, '10041233-2500x1874-FIT_AND_TRIM-b14215b413174a1f160e4ec70a852356.jpeg'),
(4, 'Martas Windows Hotel', 6, 550000, 17050000, 200750000, '186509370.jpg'),
(5, 'Novotel Lombok Resort & Villas', 6, 560000, 17550000, 201000000, '36013285.jpg'),
(6, 'Village Vibes Lombok', 7, 570000, 178000000, 210550000, '181088403.jpg');

-- --------------------------------------------------------

--
-- Table structure for table `kota`
--

CREATE TABLE `kota` (
  `id_kota` int(11) NOT NULL,
  `nama_kota` varchar(200) NOT NULL
) ENGINE=InnoDB DEFAULT CHARSET=latin1;

--
-- Dumping data for table `kota`
--

INSERT INTO `kota` (`id_kota`, `nama_kota`) VALUES
(1, 'Bandung'),
(2, 'Jakarta'),
(3, 'Jogjakarta'),
(4, 'Semarang'),
(5, 'Aceh'),
(6, 'Mandalika'),
(7, 'Bali');

-- --------------------------------------------------------

--
-- Table structure for table `pesanan`
--

CREATE TABLE `pesanan` (
  `id_pesanan` int(11) NOT NULL,
  `kode_booking` varchar(20) NOT NULL,
  `nomor_kamar` varchar(20) DEFAULT NULL,
  `id_user` int(11) NOT NULL,
  `id_apartemen` int(11) NOT NULL,
  `hari` int(11) NOT NULL,
  `checkin` date NOT NULL,
  `paket` varchar(200) NOT NULL,
  `jumlah_paket` int(11) NOT NULL,
  `total_bayar` double NOT NULL,
  `bukti_transfer` text,
  `jenis_pembayaran` varchar(100) NOT NULL,
  `status_pembayaran` enum('sudah_dibayar','belum_dibayar','proses_verifikasi','ditolak') NOT NULL DEFAULT 'belum_dibayar',
  `tgl_pesan` date NOT NULL
) ENGINE=InnoDB DEFAULT CHARSET=latin1;

--
-- Dumping data for table `pesanan`
--

INSERT INTO `pesanan` (`id_pesanan`, `kode_booking`, `nomor_kamar`, `id_user`, `id_apartemen`, `hari`, `checkin`, `paket`, `jumlah_paket`, `total_bayar`, `bukti_transfer`, `jenis_pembayaran`, `status_pembayaran`, `tgl_pesan`) VALUES
(1, 'BK-0001', '305', 2, 1, 1, '2019-11-20', 'harian', 1, 300000, NULL, 'cash', 'sudah_dibayar', '2019-11-20'),
(2, 'BK-0002', '001', 2, 1, 1, '2019-11-20', 'harian', 1, 300000, '23.jpeg', 'transfer', 'sudah_dibayar', '2019-11-20'),
(3, 'BK-0003', NULL, 2, 1, 1, '2019-12-12', 'harian', 1, 300000, 'header2.jpg', 'transfer', 'sudah_dibayar', '2019-11-21'),
(4, 'BK-0004', NULL, 2, 1, 2, '2019-12-12', 'harian', 2, 600000, NULL, 'cash', 'ditolak', '2019-11-21'),
(5, 'BK-0005', '002', 2, 1, 12, '2019-12-12', 'harian', 12, 3600000, 'anime-boy-sad.jpg', 'transfer', 'sudah_dibayar', '2019-11-21'),
(6, 'BK-0006', '337', 3, 1, 3, '2019-11-21', 'harian', 3, 900000, '54350293_2593634993983993_2715256269874135040_n.jpg', 'transfer', 'sudah_dibayar', '2019-11-21'),
(7, 'BK-0007', 'j17', 4, 3, 3, '2020-06-24', 'harian', 3, 600000, NULL, 'cash', 'sudah_dibayar', '2020-06-10'),
(8, 'BK-0008', 'A001', 5, 4, 1, '2021-11-27', 'harian', 1, 550000, '1_.png', 'transfer', 'sudah_dibayar', '2021-11-26');

-- --------------------------------------------------------

--
-- Table structure for table `user`
--

CREATE TABLE `user` (
  `id_user` int(11) NOT NULL,
  `nama` varchar(200) NOT NULL,
  `alamat` text NOT NULL,
  `no_hp` varchar(20) NOT NULL,
  `username` varchar(200) NOT NULL,
  `password` varchar(200) NOT NULL,
  `level` int(11) NOT NULL COMMENT '1 = admin, 2 = tamu'
) ENGINE=InnoDB DEFAULT CHARSET=latin1;

--
-- Dumping data for table `user`
--

INSERT INTO `user` (`id_user`, `nama`, `alamat`, `no_hp`, `username`, `password`, `level`) VALUES
(1, 'administrator', 'mandalika', '082216549887', 'admin', '202cb962ac59075b964b07152d234b70', 1),
(4, 'ramdaniel', 'cimalaka sumedang', '08221576153244', 'daniel', '827ccb0eea8a706c4c34a16891f84e7b', 2),
(5, 'adila', 'jakarta', '087678687', 'adila', '202cb962ac59075b964b07152d234b70', 2);

--
-- Indexes for dumped tables
--

--
-- Indexes for table `apartemen`
--
ALTER TABLE `apartemen`
  ADD PRIMARY KEY (`id_apartemen`);

--
-- Indexes for table `kota`
--
ALTER TABLE `kota`
  ADD PRIMARY KEY (`id_kota`);

--
-- Indexes for table `pesanan`
--
ALTER TABLE `pesanan`
  ADD PRIMARY KEY (`id_pesanan`);

--
-- Indexes for table `user`
--
ALTER TABLE `user`
  ADD PRIMARY KEY (`id_user`);

--
-- AUTO_INCREMENT for dumped tables
--

--
-- AUTO_INCREMENT for table `apartemen`
--
ALTER TABLE `apartemen`
  MODIFY `id_apartemen` int(11) NOT NULL AUTO_INCREMENT, AUTO_INCREMENT=7;

--
-- AUTO_INCREMENT for table `kota`
--
ALTER TABLE `kota`
  MODIFY `id_kota` int(11) NOT NULL AUTO_INCREMENT, AUTO_INCREMENT=8;

--
-- AUTO_INCREMENT for table `pesanan`
--
ALTER TABLE `pesanan`
  MODIFY `id_pesanan` int(11) NOT NULL AUTO_INCREMENT, AUTO_INCREMENT=9;

--
-- AUTO_INCREMENT for table `user`
--
ALTER TABLE `user`
  MODIFY `id_user` int(11) NOT NULL AUTO_INCREMENT, AUTO_INCREMENT=6;
COMMIT;

/*!40101 SET CHARACTER_SET_CLIENT=@OLD_CHARACTER_SET_CLIENT */;
/*!40101 SET CHARACTER_SET_RESULTS=@OLD_CHARACTER_SET_RESULTS */;
/*!40101 SET COLLATION_CONNECTION=@OLD_COLLATION_CONNECTION */;
